file_name,audio_wav,length(seconds),number_of_samples,sample_rate,min_fq,max_fq,mean_fq,variance_fq,min_ae,max_ae,mean_ae,variance_ae,min_rms,max_rms,mean_rms,variance_rms,min_zcr,max_zcr,mean_zcr,variance_zcr
dog_barking_1.wav,"[ 0.0025185   0.00160873 -0.00055055 ... -0.01442812 -0.01685726
 -0.01085606]",11.6,255780,22050,0.0003371470546128414,673.2823723700423,11.6616296077991,1304.6417028060453,0.0016973108,0.84181434,0.11526799,0.024263833708188555,0.00084717746,0.32234865,0.043689493,0.003723131111558262,0.025390625,0.3603515625,0.08414509989369685,0.003041868263501526
dog_barking_70.wav,"[ 2.1156784e-06 -1.4813810e-05 -7.1951123e-05 ...  2.6454623e-03
  2.5704126e-03  8.5983134e-04]",3.8825850340136054,85611,22050,4.95245663260261e-05,445.82350951056776,7.206526820408035,483.7889376642431,0.00410585,0.84656,0.15607454,0.014746043206510429,0.002912603,0.3172301,0.06703079,0.0017654300964657708,0.0283203125,0.134765625,0.0695184043348281,0.00037717197361840745
dog_barking_22.wav,[0.04960386 0.07860743 0.07629303 ... 0.08093573 0.07143189 0.02932912],2.8313832199546485,62432,22050,0.004737066757757715,4723.993652165635,12.814588485780156,799.8652575697105,0.07589263,0.94945586,0.20930418,0.05661290216984445,0.052869074,0.46705407,0.10322485,0.004766799364185431,0.0,0.3291015625,0.036597079918032786,0.005393762030235371
dog_barking_30.wav,"[-1.41972941e-06 -3.18633756e-05 -1.19085325e-05 ... -1.53115159e-02
 -1.29821766e-02  0.00000000e+00]",3.4156009070294786,75314,22050,0.00035430333090222504,580.901142002995,9.052190269688595,956.5143205173837,0.028671075,0.9958068,0.22440423,0.04005178627969862,0.012459432,0.42022744,0.08594436,0.006397728811391965,0.033203125,0.091796875,0.06493062924448217,0.00011598687312757284
dog_barking_86.wav,"[-3.0764954e-06 -1.6960072e-05 -5.5357908e-05 ... -7.1483785e-03
 -4.7694510e-03  0.0000000e+00]",1.9291609977324262,42538,22050,7.317687401088128e-05,696.1134516896004,8.694753017243414,859.1349927294368,0.0017559517,0.99840736,0.33893993,0.043749350672924375,0.00722369,0.40831518,0.12633191,0.005980375148524272,0.0322265625,0.0927734375,0.07191957582582582,0.0001876790442701885
dog_barking_39.wav,"[-1.9341400e-05 -1.7308412e-06  5.9490856e-05 ...  4.9228389e-03
  3.2851649e-03  0.0000000e+00]",2.1494784580498867,47396,22050,0.0002668899919035868,418.1812432801536,7.559899022826063,506.4019256781245,0.0055195857,0.8990849,0.23851675,0.037736576564005905,0.009008657,0.27312046,0.08737867,0.00424171826625998,0.0224609375,0.1240234375,0.0730052855458221,0.00024269765677555953
dog_barking_47.wav,"[ 1.0005387e-05 -1.2610955e-05 -9.0221423e-05 ...  1.4328777e-03
  1.6064740e-03  0.0000000e+00]",4.69015873015873,103418,22050,0.00016133681589305143,2984.311817727077,16.547774754806213,6860.058629981532,0.004353238,1.0043585,0.5608088,0.03955004512894405,0.0020304827,0.41067618,0.25096563,0.0059995924017612525,0.021484375,0.0751953125,0.0466042698019802,0.00018034005075298604
dog_barking_88.wav,"[-4.7055328e-06 -1.8960571e-05 -4.1262567e-05 ... -8.8362192e-04
 -1.2204656e-03 -7.6101022e-04]",1.7328798185941043,38210,22050,8.960581494393966e-05,315.25064127619265,8.629044358000597,465.91890667228597,0.0026896794,0.993292,0.27957356,0.06148911095005554,0.004249583,0.28755575,0.092467904,0.005586091679014616,0.041015625,0.1494140625,0.07567869460702341,0.0004676548185761867
dog_barking_32.wav,"[-2.7672315e-05 -5.5763803e-06 -9.5547866e-06 ... -6.8832310e-03
 -7.3535875e-03 -4.2087026e-03]",2.6328798185941045,58055,22050,0.00027529037308067115,508.6536485964173,7.428633373042676,589.3777242227426,0.0033407686,1.0054455,0.21826051,0.037751799124492454,0.0053270436,0.33206832,0.08087022,0.004561040719054129,0.0068359375,0.1005859375,0.06596529116189427,0.0002442678529867902
dog_barking_45.wav,"[-2.1515170e-05 -1.8353555e-06 -3.1937016e-05 ... -1.3020955e-04
  3.3195931e-04  0.0000000e+00]",4.517460317460317,99610,22050,7.45947281685649e-05,2776.095047298239,20.55406758781433,8740.267888199143,0.009466767,0.99692166,0.5622003,0.03851895868912301,0.0065560085,0.56856453,0.28190205,0.012436316079270947,0.01953125,0.0888671875,0.05489058488446726,0.00013599580928376587
dog_barking_53.wav,"[-0.01330367 -0.01962215 -0.01575678 ... -0.00683148 -0.00679317
 -0.00234153]",6.330022675736961,139577,22050,0.00019474441616122763,1244.4465030635715,11.131016819180529,2186.7513417464347,-0.0021307762,0.9976219,0.27012998,0.016794565038054907,0.0029743807,0.4073499,0.11626376,0.0030290679094048404,0.0087890625,0.1162109375,0.051732749484417966,0.00010939543959697864
dog_barking_7.wav,[0.00213076 0.00449798 0.00348905 ... 0.00137407 0.00092019 0.00056301],4.461133786848072,98368,22050,2.509445967692491e-06,1371.065693470865,20.147002951956928,4091.636756216731,0.004957917,1.0004729,0.2074737,0.09600706869969143,0.0028224245,0.7959903,0.09997247,0.03574332203910065,0.0009765625,0.3330078125,0.07371586475942783,0.0026379650806677923
dog_barking_81.wav,"[-3.5323860e-06 -2.8766950e-05 -1.4113266e-05 ...  1.9271391e-02
  1.4480289e-02  0.0000000e+00]",2.9179138321995466,64340,22050,0.0007898243848571788,749.1264569758774,6.411089012272551,534.273837351198,0.03013469,1.0066503,0.17559059,0.031097991507040314,0.005673915,0.292664,0.07406815,0.003456458139077452,0.0126953125,0.109375,0.06465892147117296,0.00020209852353098481
dog_barking_21.wav,"[-0.00104466 -0.00074806 -0.00039403 ... -0.00115159  0.00575427
  0.        ]",8.679092970521541,191374,22050,0.00038931160941929653,606.0501699073021,4.3304983437620415,591.4688296004161,0.0013401278,1.0020161,0.04432609,0.013105455165523349,0.00055897806,0.52004933,0.019096037,0.0028239221751291217,0.021484375,0.220703125,0.08544791318516043,0.001976473752360649
dog_barking_69.wav,"[-2.2905156e-06 -1.8146187e-05 -4.6638499e-05 ... -3.9875172e-03
 -3.8438539e-03 -1.5360715e-03]",4.160453514739229,91738,22050,3.004338191333614e-05,749.7805161846258,8.794250073208113,1086.434297826268,0.005107512,0.971673,0.2289479,0.022721749644560023,0.0027958113,0.44506946,0.09542598,0.0035791121346501415,0.0146484375,0.09375,0.05706965873430962,0.00013483118195595169
dog_barking_48.wav,"[-2.4212666e-05 -3.0985202e-06 -1.7640647e-05 ... -6.0073528e-03
 -3.9184303e-03  0.0000000e+00]",4.000408163265306,88209,22050,0.00030182282653426517,531.2119225934878,9.783359999594156,1285.831085271121,0.0,1.0094919,0.22737728,0.02543461883470351,0.0052978266,0.43139917,0.109942004,0.0035600883633449825,0.013671875,0.0927734375,0.057014266304347826,0.00023759777044779026
dog_barking_41.wav,"[ 8.2301136e-07 -6.4231408e-06  8.9101932e-06 ... -3.1930460e-03
 -2.4937419e-03  0.0000000e+00]",2.708344671201814,59719,22050,0.00018081997244226693,1112.3972859520284,8.471566196304014,989.4830971550075,0.0,1.0011791,0.2827464,0.02319907964219223,0.0046432675,0.3617544,0.12328456,0.0025597335061242265,0.0107421875,0.10546875,0.05288493709850107,0.0002820847870609826
dog_barking_106.wav,"[-0.00131031 -0.00192092 -0.00223025 ...  0.00622582  0.00466943
  0.        ]",6.639909297052154,146410,22050,0.0001656827630957859,799.4553143654122,12.313717599180649,1692.6135589531925,0.009955929,0.9816716,0.19371153,0.04546498206761044,0.0036887259,0.43246782,0.07480351,0.007004925722055861,0.0078125,0.095703125,0.04551600743006993,0.000319412110830592
dog_barking_74.wav,"[-2.4735532e-06 -2.9967017e-05 -1.3597363e-05 ...  5.8738613e-03
  5.4622530e-03  0.0000000e+00]",1.8774149659863946,41397,22050,0.0004542293490076818,368.7648307712973,6.9518995893448965,443.6378527941697,0.005902771,0.78633153,0.20611233,0.03867828523042401,0.007353231,0.31447226,0.08395417,0.004828123831342987,0.033203125,0.1240234375,0.06980312017746913,0.0003731401306643416
dog_barking_89.wav,"[-0.0014905  -0.00169989 -0.00155144 ...  0.0004726   0.00025233
  0.        ]",1.5889795918367347,35037,22050,0.0001621869376263764,757.7122833517217,15.349135593006269,2641.117087406481,0.0012150372,1.0111029,0.50927466,0.0900633495041739,0.00100071,0.65527546,0.23903194,0.02497573761822103,0.0,0.1201171875,0.06170877052919708,0.0004478081901845873
dog_barking_83.wav,"[ 1.3158453e-06 -2.7356797e-05 -2.1384398e-05 ... -1.5796756e-03
 -1.4466339e-03  0.0000000e+00]",2.7551020408163267,60750,22050,7.146483226776272e-05,593.7246111544039,6.177827213009185,340.25779779553517,0.009178321,0.82979965,0.13094176,0.01991999272712927,0.0043265405,0.32275268,0.059751805,0.0026588970431782903,0.0341796875,0.12109375,0.06060238486842105,0.0002419545484759292
dog_barking_82.wav,"[-2.3619723e-06 -2.8510603e-05 -1.6576050e-05 ...  2.5997595e-03
  4.2738174e-03  1.6905501e-03]",3.2933333333333334,72618,22050,0.00010273784705033558,354.80312486153116,7.983172123330526,472.641190678159,0.014652609,0.6251643,0.17537287,0.012016905139888614,0.0056062834,0.26554543,0.07403167,0.0018996225236348372,0.0185546875,0.1337890625,0.06166957801496479,0.0004111367010852899
